customer_id ,add_id,customer_first_name ,customer_last_name 
1,1,Brynne,Theodoris
2,2,Raymund,Bycraft
3,3,Umberto,Peizer
4,4,Koo,Leavey
5,5,Barbabra,Bigglestone
6,6,Seward,Leitche
7,7,Gabe,Murra
8,8,Ferdinanda,Androsik
9,9,Giordano,Kernes
10,10,Zarla,Webland
11,11,Delores,Adamczewski
12,12,Jamal,Axelby
13,13,Celisse,Donn
14,14,Cherlyn,Pichmann
15,15,Berta,Hotton
16,16,Park,Lovewell
17,17,Calvin,Haggarth
18,18,Sherry,Fossey
19,19,Gussy,Stapylton
20,20,Wilone,Colvin
21,21,Virgina,Dupey
22,22,Fanchette,Balling
23,23,Stanton,Thirtle
24,24,Glen,Rosenauer
25,25,Lia,Banner
26,26,Berke,Hugett
27,27,Thain,Arter
28,28,Ennis,Foye
29,29,Nonna,Pre
30,30,Alta,Cabrales
31,31,Paige,Spriddle
32,32,Greg,Bellward
33,33,Saundra,Woodburne
34,34,Wyatan,Rowswell
35,35,Jelene,Oldam
36,36,Paxton,Castella
37,37,Shannah,Sheasby
38,38,Janot,Mc Cahey
39,39,Poul,Brownjohn
40,40,Allyce,Topley
41,41,Tarrance,Tribe
42,42,Chad,Renfield
43,43,Welby,Kemish
44,44,Paquito,Cromwell
45,45,Kerrin,Getty
46,46,Agosto,Broadley
47,47,Bette-ann,Hadye
48,48,Gilligan,Penhearow
49,49,Shirline,Rioch
50,50,Benedicto,Horsley
51,51,Angelle,Lamkin
52,52,Kameko,Hammerberg
53,53,Bridgette,Jerams
54,54,Irvin,Wollard
55,55,Deonne,Skullet
56,56,Ingamar,Ducker
57,57,Magnum,Huson
58,58,Janifer,Emmer
59,59,Markos,Bogue
60,60,Amalie,Kunrad
61,61,Arin,Sivyour
62,62,Freddy,Osmant
63,63,Farah,Edwicker
64,64,Rollins,Strother
65,65,Randie,Janko
66,66,Leanora,Doughty
67,67,Dominica,Grotty
68,68,Westbrook,Spears
69,69,Ardenia,Libero
70,70,Beltran,Hallowes
71,71,Stevy,Folke
72,72,Lavinie,Goullee
73,73,Phyllida,Willis
74,74,Jameson,Marchington
75,75,Sheppard,Syplus
76,76,Jennilee,Lough
77,77,Ber,Ogley
78,78,Inesita,Kohlerman
79,79,Gay,Gerardi
80,80,Penelope,Darben
81,81,Siobhan,Corbie
82,82,Lolita,Bellworthy
83,83,Ludvig,Terese
84,84,Marv,Marrington
85,85,Morry,Brandacci
86,86,Luce,Langdale
87,87,Chloe,Cullington
88,88,Jay,MacQuist
89,89,Chrissie,Gant
90,90,Ellwood,Fahy
91,91,Dickie,Kezar
92,92,Doy,Finker
93,93,Erhard,Burchmore
94,94,Mateo,Ailsbury
95,95,Packston,Dixson
96,96,Karin,Gunney
97,97,Alleyn,Parsonage
98,98,Velvet,Baurerich
99,99,Anallese,Annon
100,100,Ingeberg,Cavozzi
101,101,Zed,Axel
102,102,Emmet,Plinck
103,103,Pablo,Reeken
104,104,Binnie,Malsher
105,105,Efrem,Branson
106,106,Nariko,Thomesson
107,107,Robbin,Laverack
108,108,Nealon,Keunemann
109,109,Karoline,Quirk
110,110,Donelle,D'Antuoni
111,111,Garrek,Yelyashev
112,112,Hannie,Woolvett
113,113,Jacquelyn,Goldstone
114,114,Darwin,Kauschke
115,115,Rayshell,Stockill
116,116,Emelina,Wagstaff
117,117,Jeralee,Tupper
118,118,Gerry,Rizzardini
119,119,Ozzy,Van Der Weedenburg
120,120,Wenda,Howard
121,121,Daron,Piens
122,122,Clerissa,Laughrey
123,123,Nehemiah,Braisted
124,124,Randell,Cometson
125,125,Hermann,Sweett
126,126,Nicki,Sabatini
127,127,Giulia,Killingbeck
128,128,Carmela,Dobrowlski
129,129,William,Winley
130,130,Paige,Codeman
131,131,Lotte,Adamowitz
132,132,Klemens,Pourvoieur
133,133,Carleen,Ethelstone
134,134,Nat,Bescoby
135,135,Obadiah,Cordero
136,136,Jennette,Cuddihy
137,137,Ingram,Richards
138,138,Aimil,Coom
139,139,Fabian,Pinilla
140,140,Lyon,Lewnden
141,141,Alley,De Gouy
142,142,Ewell,Stebbings
143,143,Maje,Nutton
144,144,Smith,Shank
145,145,Aili,Antao
146,146,Evin,Mallett
147,147,Corly,Hambribe
148,148,Angelita,Sporrij
149,149,Regan,Warsop
150,150,Elsbeth,Perren
151,151,Rudolph,Gatchell
152,152,Avery,Eggins
153,153,Donn,Lantuff
154,154,Dale,Hugueville
155,155,Biron,Parcell
156,156,Rutherford,Willoughey
157,157,Aldis,Strangward
158,158,Correy,Dubber
159,159,Hendrick,Larcier
160,160,Estele,O'Dyvoie
161,161,Brendon,Birkby
162,162,Matt,Opie
163,163,Patience,Rosenbusch
164,164,Goddard,Snary
165,165,Leonhard,Sheppard
166,166,Devon,Ricketts
167,167,Zane,Sefton
168,168,Lindon,Beaby
169,169,Jeni,Argyle
170,170,Mitzi,Backes
171,171,Warden,Frisby
172,172,Bil,Crosen
173,173,Thaddus,Sudell
174,174,Earle,Barcroft
175,175,Beatrisa,Ghilardi
176,176,Amerigo,Stonestreet
177,177,Sawyere,Shillabeare
178,178,Loria,Vonderdell
179,179,Lindy,Grinval
180,180,Cherise,Skurray
181,181,Millisent,Reihm
182,182,Jakob,Growy
183,183,Nerta,Ghent
184,184,Yevette,Gudgeon
185,185,Libbie,Blamires
186,186,Baxter,Ceillier
187,187,Starlin,Ferretti
188,188,Jenilee,Garahan
189,189,Kristen,Clulee
190,190,Antonina,Neilly
191,191,Alisa,Queen
192,192,Chevalier,Panchin
193,193,Gerta,Sharnock
194,194,Crysta,Powelee
195,195,Linell,Sabati
196,196,Rubie,Tombleson
197,197,Iggie,Lillgard
198,198,Orly,Yakovl
199,199,Rory,Dymidowski
200,200,Mala,Hazelden
201,201,Granthem,Cheverton
202,202,Ellary,Ratcliff
203,203,Phineas,Fryers
204,204,Jenda,Speachley
205,205,Teador,McLeod
206,206,Gabby,Morstatt
207,207,Lorilee,Visco
208,208,Conrade,Wooffitt
209,209,Veriee,MacElholm
210,210,Edik,Osboldstone
211,211,Dorelia,Gherardini
212,212,Shane,Neads
213,213,Sybyl,Rowney
214,214,Crichton,Keeltagh
215,215,Delaney,Le feaver
216,216,Sandor,Wemyss
217,217,Alfreda,Ortler
218,218,Byrle,Flemyng
219,219,Tallou,Woodfin
220,220,Meris,Crofts
221,221,Penelope,Houselee
222,222,Finlay,Stenhouse
223,223,Osgood,Aldins
224,224,Caril,Lainge
225,225,Werner,Papaminas
226,226,Osborn,Vaux
227,227,Elissa,Lendrem
228,228,Ramon,Lyard
229,229,Barnaby,Pepys
230,230,Peria,Doyley
231,231,Tannie,Horwell
232,232,Lotta,McDonogh
233,233,Neille,Hayden
234,234,Wyatt,Pagan
235,235,Hogan,Anderson
236,236,Martyn,Ivasechko
237,237,Ahmed,Tanser
238,238,Haily,Greensted
239,239,Boyce,Bafford
240,240,Andrej,Murrie
241,241,Nettle,Nyssens
242,242,Lorne,Raincin
243,243,York,Gemeau
244,244,Saxe,Rummery
245,245,Virgil,Ingyon
246,246,Birgit,Milmith
247,247,Caterina,Knight
248,248,Bonita,Tembey
249,249,Alisun,Fortesquieu
250,250,Kriste,Coste
251,251,Jaymee,Benardette
252,252,Melosa,Casey
253,253,Case,Rabbet
254,254,Kingsley,McVaugh
255,255,Michel,Vahl
256,256,Cherida,Ahern
257,257,Silvia,Darko
258,258,Vaughn,Jepps
259,259,Kiele,Aris
260,260,Rahel,Feben
261,261,Kristi,Giraudot
262,262,Avery,Worthington
263,263,Truman,Gilhool
264,264,Adara,Stallibrass
265,265,Mufi,Stidston
266,266,Cirilo,Evenden
267,267,Nahum,Loughman
268,268,Burnaby,Dundin
269,269,Tristam,Gonnely
270,270,Doralyn,Frie
271,271,Cherice,Bloxland
272,272,Steward,Bootton
273,273,Althea,Baraclough
274,274,Sheppard,Signore
275,275,Linzy,Megainey
276,276,Burton,Clac
277,277,Lizbeth,Weippert
278,278,Erminie,McRae
279,279,Ulysses,Luke
280,280,Shanon,Yesenin
281,281,Myra,Bernardinelli
282,282,Aldwin,Dack
283,283,Del,Olyonov
284,284,Morganne,Renachowski
285,285,Felicio,Labin
286,286,Curry,Yakushkev
287,287,Nathan,Fortman
288,288,Stinky,Olivelli
289,289,Sylvester,Hearon
290,290,Tamar,Capeloff
291,291,Isadora,Catlin
292,292,Darb,Lowdwell
293,293,Ronalda,Bernardy
294,294,Carmine,Santen
295,295,Farley,Alesbrook
296,296,Irving,Burrell
297,297,Waylin,Tacey
298,298,Jamey,Fishleigh
299,299,Dolph,Josifovitz
300,300,Madlen,Paoli
